Index,Image_Name,Subjective_Score,SSIM_Score,NIQE_Score
0,low_mat/imglow_0001.mat,69.94603912783171,75.78782909627553,44.13565811540513
1,low_mat/imglow_0002.mat,69.94603912783171,80.02599148044295,43.761315682077715
2,low_mat/imglow_0003.mat,69.94603912783171,73.18696573295053,46.42311936575604
3,low_mat/imglow_0004.mat,69.94603912783171,73.30265424639758,63.41640352571669
4,low_mat/imglow_0005.mat,66.25574911400808,69.54103232842648,63.29570675103846
5,low_mat/imglow_0006.mat,60.12918499467809,67.35330195099488,68.04264181789914
6,low_mat/imglow_0007.mat,67.50976502232534,72.46293411512774,45.887326411011074
7,low_mat/imglow_0008.mat,58.33361517867784,65.24438265806305,44.52070111292014
8,low_mat/imglow_0009.mat,60.7698892841842,66.48729599422475,56.03434047118969
9,low_mat/imglow_0010.mat,57.17874965218372,61.0473025096206,71.314493408205
10,low_mat/imglow_0011.mat,44.99737912465192,58.04888176628613,67.62695381905895
11,low_mat/imglow_0012.mat,43.20180930865167,61.55093422069649,63.82315889648329
12,low_mat/imglow_0013.mat,41.40623949265142,55.42674419534153,56.032412448784505
13,low_mat/imglow_0014.mat,43.84251359815779,55.78753279186712,69.05869453800729
14,low_mat/imglow_0015.mat,41.40623949265142,53.741880817842805,55.990925371948435
15,low_mat/imglow_0016.mat,19.40801483196601,48.07035515531172,89.90417466012985
16,low_mat/imglow_0017.mat,13.281450712636014,49.141694853320836,81.86880545321085
17,low_mat/imglow_0018.mat,10.872569277824612,49.54916652816045,80.14588811705805
18,low_mat/imglow_0019.mat,18.253149305471872,48.47824814417556,82.04502707125687
19,low_mat/imglow_0020.mat,18.253149305471872,49.709241906410604,96.23797989125944
20,low_mat/imglow_0021.mat,88.64159195916342,61.80685395237013,43.62771614981673
21,low_mat/imglow_0022.mat,84.85215156351667,62.795691862485455,44.641237396909254
22,low_mat/imglow_0023.mat,94.1274517889873,67.42575881320164,43.466222156421445
23,low_mat/imglow_0024.mat,94.66900569667027,71.77008783941896,44.461914466998024
24,low_mat/imglow_0025.mat,89.1831458668464,67.32112225669741,44.626862712346025
25,low_mat/imglow_0026.mat,99.0,55.98516867207269,74.18896754999693
26,low_mat/imglow_0027.mat,96.56372589449367,62.87247393729085,33.320382312677076
27,low_mat/imglow_0028.mat,89.1831458668464,57.75510659730537,43.67121132557712
28,low_mat/imglow_0029.mat,98.45844609231705,59.05144327887148,39.03949308119803
29,low_mat/imglow_0030.mat,91.07786606466976,59.80765099689787,63.48607290935276
30,low_mat/imglow_0031.mat,89.89560786748068,62.571994150997995,36.13929179899554
31,low_mat/imglow_0032.mat,86.20531785365705,63.34285330173594,36.178908626317636
32,low_mat/imglow_0033.mat,84.40974803765681,67.68663561907385,28.30181583005037
33,low_mat/imglow_0034.mat,84.40974803765681,65.76256181585018,45.34764365485468
34,low_mat/imglow_0035.mat,82.61417822165656,66.2481009102431,39.641099775952746
35,low_mat/imglow_0036.mat,86.3044682354802,69.77613661638883,38.60979966994096
36,low_mat/imglow_0037.mat,82.61417822165656,66.34226069547233,38.96878890612402
37,low_mat/imglow_0038.mat,82.61417822165656,64.51734448146931,53.532565856894486
38,low_mat/imglow_0039.mat,84.50889841947995,67.24549220896125,58.019522966741576
39,low_mat/imglow_0040.mat,84.50889841947995,61.7531609122736,46.70383653008019
40,low_mat/imglow_0041.mat,80.81860840565632,36.96982109431062,49.78397047940875
41,low_mat/imglow_0042.mat,71.54330818018568,40.212797870784414,67.7442231364562
42,low_mat/imglow_0043.mat,80.81860840565632,43.90886531810036,54.55767192955175
43,low_mat/imglow_0044.mat,75.87430248351542,48.18944377919124,55.11944869019853
44,low_mat/imglow_0045.mat,73.43802837800905,44.395976446358326,48.089977832986314
45,low_mat/imglow_0046.mat,79.56459249733905,30.91519916985304,53.78134402947018
46,low_mat/imglow_0047.mat,84.50889841947995,40.763345418090374,41.8764349614761
47,low_mat/imglow_0048.mat,75.97345286533857,35.08654795993563,60.75732479035258
48,low_mat/imglow_0049.mat,83.35403289298581,35.924067774855416,45.70457462439698
49,low_mat/imglow_0050.mat,79.02303858965607,35.338656879713284,39.93912779795376
50,low_mat/imglow_0051.mat,69.94603912783171,39.43494145507818,42.761620268977566
51,low_mat/imglow_0052.mat,73.63632914165532,38.817396657411976,52.109474387761026
52,low_mat/imglow_0053.mat,68.15046931183147,44.83575979478648,47.204275525643155
53,low_mat/imglow_0054.mat,60.7698892841842,42.49483791668646,36.267131326371015
54,low_mat/imglow_0055.mat,64.46017929800783,42.9151907010929,55.023575258494475
55,low_mat/imglow_0056.mat,64.46017929800783,48.357947374042595,27.710260974759617
56,low_mat/imglow_0057.mat,64.46017929800783,42.31515891172106,45.36255022439659
57,low_mat/imglow_0058.mat,68.15046931183147,39.61996345792365,48.29922768682766
58,low_mat/imglow_0059.mat,64.46017929800783,42.31984238951391,56.651858218959134
59,low_mat/imglow_0060.mat,60.7698892841842,37.70837274347795,36.83099064516807
60,low_mat/imglow_0061.mat,60.7698892841842,52.63166554981807,61.97034404189378
61,low_mat/imglow_0062.mat,60.7698892841842,52.106340345884085,47.68257759847363
62,low_mat/imglow_0063.mat,60.7698892841842,57.72700842880572,51.68629604310405
63,low_mat/imglow_0064.mat,60.7698892841842,64.00624731869398,34.02753007407567
64,low_mat/imglow_0065.mat,60.7698892841842,57.74047926670717,60.00933716347529
65,low_mat/imglow_0066.mat,64.46017929800783,45.184995716861145,32.553682571928086
66,low_mat/imglow_0067.mat,60.7698892841842,56.07007294942743,32.88549347424848
67,low_mat/imglow_0068.mat,64.46017929800783,50.12782768190337,49.571625495416406
68,low_mat/imglow_0069.mat,58.97431946818396,51.236842406509666,43.005286948867266
69,low_mat/imglow_0070.mat,60.7698892841842,51.10942541338074,31.833591229085474
70,low_mat/imglow_0071.mat,57.17874965218372,53.654399947189106,45.83028283879053
71,low_mat/imglow_0072.mat,55.38317983618346,54.156293893346465,32.906951908207674
72,low_mat/imglow_0073.mat,55.38317983618346,59.53540340342307,47.99745273280623
73,low_mat/imglow_0074.mat,55.38317983618346,55.2953965627518,43.0971771729642
74,low_mat/imglow_0075.mat,55.38317983618346,56.46462363909863,31.398106228080742
75,low_mat/imglow_0076.mat,55.38317983618346,61.173875342189774,11.697861496619051
76,low_mat/imglow_0077.mat,53.58761002018322,57.22169129188747,22.391014847932254
77,low_mat/imglow_0078.mat,55.38317983618346,54.05822552664092,47.75818167768952
78,low_mat/imglow_0079.mat,55.38317983618346,57.23912350597495,44.0406306074152
79,low_mat/imglow_0080.mat,51.792040204182975,52.03003617240275,47.28920430448721
80,low_mat/imglow_0081.mat,45.638083414158025,27.626003621107845,42.585744455702155
81,low_mat/imglow_0082.mat,43.84251359815779,28.25593955185076,46.55619063395667
82,low_mat/imglow_0083.mat,45.638083414158025,33.21263192286529,51.042182613966226
83,low_mat/imglow_0084.mat,45.638083414158025,41.69937399836793,48.19170341533923
84,low_mat/imglow_0085.mat,42.04694378215754,35.012817701080245,47.98439661192508
85,low_mat/imglow_0086.mat,42.04694378215754,24.659212843833433,57.57922783814234
86,low_mat/imglow_0087.mat,42.04694378215754,30.098468780150746,43.27419816840363
87,low_mat/imglow_0088.mat,40.15222358433415,24.074414819644,71.5558216756458
88,low_mat/imglow_0089.mat,38.3566537683339,25.333799196293217,53.936624954144975
89,low_mat/imglow_0090.mat,42.04694378215754,26.327591683903652,45.96010302456451
90,low_mat/imglow_0091.mat,42.04694378215754,28.63251834806849,56.01662185425584
91,low_mat/imglow_0092.mat,42.04694378215754,28.3104067933096,52.545827529950884
92,low_mat/imglow_0093.mat,42.04694378215754,34.32450002245301,48.785766344086056
93,low_mat/imglow_0094.mat,42.04694378215754,30.195150690956815,41.429420738495324
94,low_mat/imglow_0095.mat,42.04694378215754,32.89396800125183,44.577693158753874
95,low_mat/imglow_0096.mat,40.25137396615729,38.85353878445157,58.191431287076405
96,low_mat/imglow_0097.mat,42.04694378215754,33.77906069200202,57.651461669355285
97,low_mat/imglow_0098.mat,42.04694378215754,30.783688781361196,44.07046079603599
98,low_mat/imglow_0099.mat,40.25137396615729,32.07149538718818,62.4807602137591
99,low_mat/imglow_0100.mat,38.45580415015704,27.41077094144322,63.81363411977509
100,low_mat/imglow_0101.mat,38.3566537683339,18.324813903953924,71.69121252330311
101,low_mat/imglow_0102.mat,38.3566537683339,19.1783562530251,65.94805713558259
102,low_mat/imglow_0103.mat,34.66636375451028,21.99046527397428,66.56998902250179
103,low_mat/imglow_0104.mat,34.66636375451028,28.729775585505312,58.559593184363465
104,low_mat/imglow_0105.mat,34.66636375451028,22.123178663956168,54.70700098080424
105,low_mat/imglow_0106.mat,30.976073740686648,13.836273861484615,68.58866200883642
106,low_mat/imglow_0107.mat,42.04694378215754,19.34609085385095,68.08841308104333
107,low_mat/imglow_0108.mat,34.66636375451028,16.504679079886742,60.477913019474784
108,low_mat/imglow_0109.mat,36.561083952333654,16.047351334086965,70.46982479346873
109,low_mat/imglow_0110.mat,34.66636375451028,17.332570335899696,60.831550997007376
110,low_mat/imglow_0111.mat,29.27965430650954,18.950952543676163,66.63625101457791
111,low_mat/imglow_0112.mat,32.96994432033316,18.480133312410054,74.64195193051157
112,low_mat/imglow_0113.mat,27.484084490509296,21.75840112913302,56.48721320011343
113,low_mat/imglow_0114.mat,27.484084490509296,20.358216891872786,71.3694972055641
114,low_mat/imglow_0115.mat,31.17437450433292,21.80169385842609,73.91630744723605
115,low_mat/imglow_0116.mat,29.378804688332675,24.930631170176103,67.55988801393404
116,low_mat/imglow_0117.mat,21.998224660685413,21.03017132332412,68.51272901981609
117,low_mat/imglow_0118.mat,25.688514674509047,20.374833998800607,75.71720671067854
118,low_mat/imglow_0119.mat,21.998224660685413,20.201735906919183,70.90922505357663
119,low_mat/imglow_0120.mat,33.06909470215631,17.625809526093253,46.021919522483174
120,low_mat/imglow_0121.mat,4.872548211012713,16.820787682139187,89.08119861031169
121,low_mat/imglow_0122.mat,8.562838224836351,19.07013856664966,79.79093696929768
122,low_mat/imglow_0123.mat,17.738988068483852,19.074208391312734,75.85423617574463
123,low_mat/imglow_0124.mat,1.1822581971890793,18.850842143942874,74.9908578569951
124,low_mat/imglow_0125.mat,4.872548211012713,20.83292602157019,86.72066637418335
125,low_mat/imglow_0126.mat,12.253128238659976,22.490651251725644,84.74822140457242
126,low_mat/imglow_0127.mat,4.872548211012713,22.050726635535728,86.11823446019343
127,low_mat/imglow_0128.mat,1.1822581971890793,21.001494815348337,76.53806855796223
128,low_mat/imglow_0129.mat,8.562838224836351,20.664057313234874,70.43383638541724
129,low_mat/imglow_0130.mat,4.872548211012713,20.022307937452307,59.26838208804996
130,low_mat/imglow_0131.mat,4.872548211012713,17.50062097329693,69.43913931215309
131,low_mat/imglow_0132.mat,4.872548211012713,19.086685152142937,67.99308465705649
132,low_mat/imglow_0133.mat,4.872548211012713,19.9154761553638,83.69168355456767
133,low_mat/imglow_0134.mat,4.872548211012713,19.481549516407384,74.0873030769549
134,low_mat/imglow_0135.mat,4.872548211012713,18.39144259986704,75.31353313024503
135,low_mat/imglow_0136.mat,8.562838224836351,16.14897804569635,89.46191706482543
136,low_mat/imglow_0137.mat,4.872548211012713,18.642758910072356,71.11690870652406
137,low_mat/imglow_0138.mat,4.872548211012713,17.69122110143277,73.07071912787234
138,low_mat/imglow_0139.mat,1.1822581971890793,18.665406209928143,79.55452508970859
139,low_mat/imglow_0140.mat,4.872548211012713,20.515854001827325,87.97733112207698
140,low_mat/imglow_0141.mat,84.31059765583367,84.09328079577983,69.55591860520563
141,low_mat/imglow_0142.mat,85.49285585302277,84.15909371741165,53.794279235799955
142,low_mat/imglow_0143.mat,81.26101193151615,86.25386396478223,48.37526192518562
143,low_mat/imglow_0144.mat,91.07786606466976,84.69648725986156,77.4532477725754
144,low_mat/imglow_0145.mat,84.9513019453398,86.83753472966731,51.26745032439071
145,low_mat/imglow_0146.mat,87.38757605084615,87.3341323570035,27.426384007895763
146,low_mat/imglow_0147.mat,76.41585639119842,87.20023543326575,45.042956551346684
147,low_mat/imglow_0148.mat,82.5424205105284,83.35464092902909,63.35695509468634
148,low_mat/imglow_0149.mat,71.54330818018568,78.81258479206885,35.76763315157226
149,low_mat/imglow_0150.mat,71.54330818018568,78.0139997674852,58.82485472318168
150,low_mat/imglow_0151.mat,69.74773836418542,79.7553606889794,57.746916010632155
151,low_mat/imglow_0152.mat,71.54330818018568,78.29138191055624,58.63156299807897
152,low_mat/imglow_0153.mat,72.1840124696918,80.16355464175534,64.43949401562064
153,low_mat/imglow_0154.mat,75.87430248351542,80.22501355000972,61.39366608577951
154,low_mat/imglow_0155.mat,72.1840124696918,80.39292564813721,36.42636417254996
155,low_mat/imglow_0156.mat,75.87430248351542,76.05513414997107,42.382219663329614
156,low_mat/imglow_0157.mat,62.438916047666346,69.41363608475663,32.58388505828285
157,low_mat/imglow_0158.mat,61.284050521172226,68.58195080939846,47.06339858290859
158,low_mat/imglow_0159.mat,57.692910889171735,69.97635898244494,67.40851376794112
159,low_mat/imglow_0160.mat,57.692910889171735,68.26840892566825,73.19094449257109
160,low_mat/imglow_0161.mat,60.12918499467809,70.48106908462535,53.4587025270172
161,low_mat/imglow_0162.mat,60.12918499467809,70.5493427521861,43.93804893173528
162,low_mat/imglow_0163.mat,60.12918499467809,70.42103481049723,49.33805083363061
163,low_mat/imglow_0164.mat,55.89734107317149,65.3279423146896,39.41275154031324
164,low_mat/imglow_0165.mat,46.79294894065215,52.54370720862717,73.79923289054237
165,low_mat/imglow_0166.mat,42.461954637322414,51.81260578672054,69.71715104597368
166,low_mat/imglow_0167.mat,35.08137460967515,52.43861992466938,63.09730129669436
167,low_mat/imglow_0168.mat,31.49023497767466,52.323706843394376,74.03287300936978
168,low_mat/imglow_0169.mat,41.30708911082828,52.32458302075233,82.50352809972364
169,low_mat/imglow_0170.mat,35.8212292810044,51.728183682939665,55.22530045325949
170,low_mat/imglow_0171.mat,40.765535203145305,52.253644138430374,61.31836772021055
171,low_mat/imglow_0172.mat,37.07524518932168,48.17843547003754,76.95810991346458
172,low_mat/imglow_0173.mat,88.19918843330358,44.756397466526955,52.58847811132179
173,low_mat/imglow_0174.mat,88.19918843330358,50.931465753345144,51.29755400583638
174,low_mat/imglow_0175.mat,82.7133286034797,53.09614678171961,44.411787854507345
175,low_mat/imglow_0176.mat,80.91775878747947,50.95170887338081,48.834598855907025
176,low_mat/imglow_0177.mat,80.91775878747947,39.88503608758382,33.43370968668238
177,low_mat/imglow_0178.mat,79.12218897147922,35.03497443393454,41.46659407924277
178,low_mat/imglow_0179.mat,82.81247898530285,40.04299108704303,51.21969538494986
179,low_mat/imglow_0180.mat,81.01690916930261,25.221302408291983,30.684718824489266
180,low_mat/imglow_0181.mat,81.01690916930261,46.98556259562927,58.08543624157032
181,low_mat/imglow_0182.mat,77.32661915547897,37.44980628265916,62.00554535103494
182,low_mat/imglow_0183.mat,73.53717875983222,21.675030300265338,52.63610045924843
183,low_mat/imglow_0184.mat,77.32661915547897,27.788457218782252,67.17978192420249
184,low_mat/imglow_0185.mat,69.94603912783171,28.78935994552314,53.796156344624464
185,low_mat/imglow_0186.mat,60.7698892841842,27.192667376816836,62.28626611196951
186,low_mat/imglow_0187.mat,62.56545910018444,15.787445754104523,61.63638943028549
187,low_mat/imglow_0188.mat,73.63632914165532,14.062562785563166,66.45370746112538
188,low_mat/imglow_0189.mat,60.7698892841842,16.272777292464994,69.3361726557796
189,low_mat/imglow_0190.mat,69.94603912783171,7.87453591427851,56.2717783071111
190,low_mat/imglow_0191.mat,73.63632914165532,21.561272990641342,56.6475760716868
191,low_mat/imglow_0192.mat,66.25574911400808,14.511570211985251,61.146323119490475
192,low_mat/imglow_0193.mat,60.7698892841842,35.18105429687609,54.02711772752258
193,low_mat/imglow_0194.mat,60.7698892841842,43.145130623181124,58.542072461598096
194,low_mat/imglow_0195.mat,60.7698892841842,43.09415528192886,42.94093574578455
195,low_mat/imglow_0196.mat,60.7698892841842,39.2163633744232,66.3528143636969
196,low_mat/imglow_0197.mat,60.7698892841842,29.721436104997917,50.83057744868742
197,low_mat/imglow_0198.mat,60.7698892841842,26.132139134847773,47.00972085397923
198,low_mat/imglow_0199.mat,60.7698892841842,28.965608709932958,66.18256956429214
199,low_mat/imglow_0200.mat,60.7698892841842,15.259562726280935,63.99786609010732
200,low_mat/imglow_0201.mat,60.7698892841842,36.08272182442602,49.79476963040504
201,low_mat/imglow_0202.mat,60.7698892841842,30.46806623387052,59.97982618299033
202,low_mat/imglow_0203.mat,51.02479286215876,12.802675634491111,68.94281531443791
203,low_mat/imglow_0204.mat,55.89734107317149,17.16749777485418,60.20858217599908
204,low_mat/imglow_0205.mat,49.77077695384149,20.52818938534479,57.57049578411537
205,low_mat/imglow_0206.mat,53.461066967665126,14.94293732580655,57.10168454708941
206,low_mat/imglow_0207.mat,58.33361517867784,8.507933574368929,79.55790221791146
207,low_mat/imglow_0208.mat,54.10177125717123,10.406645815965817,53.365993932598506
208,low_mat/imglow_0209.mat,45.53893303233488,10.122750075595603,65.96371839609854
209,low_mat/imglow_0210.mat,54.742475546677355,5.13705038990721,65.48732697435706
210,low_mat/imglow_0211.mat,52.306201441170984,15.501269612997138,61.69528198514691
211,low_mat/imglow_0212.mat,51.692889822359824,8.760902863971497,62.36884291600897
212,low_mat/imglow_0213.mat,41.30708911082828,10.09248013163163,63.856259393612994
213,low_mat/imglow_0214.mat,28.512406964485326,12.475843178090361,59.09169049916072
214,low_mat/imglow_0215.mat,33.38495517549804,12.401376405179114,77.66219173231534
215,low_mat/imglow_0216.mat,37.71594947882779,11.275129935735237,70.43936644949439
216,low_mat/imglow_0217.mat,32.230089649003915,9.558034450242795,87.34124478829322
217,low_mat/imglow_0218.mat,33.48410555732118,9.736702588607312,74.22510776891826
218,low_mat/imglow_0219.mat,31.04783145181483,11.197190852967958,72.41075499037316
219,low_mat/imglow_0220.mat,35.92037966282754,12.72477647187044,77.84913694979889
220,low_mat/imglow_0221.mat,33.48410555732118,10.968950540939538,66.59091201147368
221,low_mat/imglow_0222.mat,33.48410555732118,9.161847472609708,78.55559508667928
222,low_mat/imglow_0223.mat,7.795590882812141,31.896768878863657,97.69757917928204
223,low_mat/imglow_0224.mat,13.922155002142128,26.584119986312704,91.32200346016971
224,low_mat/imglow_0225.mat,11.485880896635765,24.26796493190685,87.97199254715882
225,low_mat/imglow_0226.mat,10.231864988318504,26.967314290612588,81.25797375020854
226,low_mat/imglow_0227.mat,2.851284960671225,35.59047321485933,89.86392487047027
227,low_mat/imglow_0228.mat,10.872569277824612,36.64856134790657,89.0688506681595
228,low_mat/imglow_0229.mat,4.845155540317769,39.81573131901681,89.84429263570125
229,low_mat/imglow_0230.mat,5.485859829823882,41.068088864207155,96.82912344180227
230,low_mat/imglow_0231.mat,4.9443059221409005,31.493071817190742,88.50586593024322
231,low_mat/imglow_0232.mat,7.380580027647257,32.591698371463046,76.08600357501187
232,low_mat/imglow_0233.mat,77.22746877365581,71.1184896808645,50.45499992545177
233,low_mat/imglow_0234.mat,74.17788304933832,73.86037521774085,64.48925347897186
234,low_mat/imglow_0235.mat,73.63632914165532,71.31108166392714,48.11796776172106
235,low_mat/imglow_0236.mat,73.63632914165532,70.64843551940885,56.88973566253145
236,low_mat/imglow_0237.mat,69.94603912783171,69.23654095926236,49.183120499330094
237,low_mat/imglow_0238.mat,68.15046931183147,68.12800347660308,50.59534405620996
238,low_mat/imglow_0239.mat,70.58674341733783,68.97447670827765,53.913149098156524
239,low_mat/imglow_0240.mat,63.206163389690566,69.27005189473901,57.44136265763234
240,low_mat/imglow_0241.mat,68.15046931183147,63.19309248988705,62.47390824442672
241,low_mat/imglow_0242.mat,64.46017929800783,66.17827512354691,50.023272987511604
242,low_mat/imglow_0243.mat,58.33361517867784,63.26879602057706,56.894145628814634
243,low_mat/imglow_0244.mat,64.46017929800783,62.71922657043808,56.09070070597162
244,low_mat/imglow_0245.mat,60.7698892841842,61.04007889066823,53.380693545842945
245,low_mat/imglow_0246.mat,58.33361517867784,60.702570518086056,55.53412738028721
246,low_mat/imglow_0247.mat,64.46017929800783,61.95778390495681,65.69308484343259
247,low_mat/imglow_0248.mat,58.97431946818396,60.86042919097851,57.048145246472
248,low_mat/imglow_0249.mat,49.86992733566463,53.023887654790315,61.006402099432314
249,low_mat/imglow_0250.mat,54.742475546677355,54.79540241769021,86.14710956337272
250,low_mat/imglow_0251.mat,46.17963732184099,52.61209787746305,64.63106510325868
251,low_mat/imglow_0252.mat,52.306201441170984,52.26408222795376,59.404544733440424
252,low_mat/imglow_0253.mat,57.17874965218372,51.614795786077686,67.92334722655717
253,low_mat/imglow_0254.mat,50.51063162517075,50.76341737912123,75.14264152733253
254,low_mat/imglow_0255.mat,51.692889822359824,51.740625670656875,66.06909673193603
255,low_mat/imglow_0256.mat,49.89732000635958,51.92840602813243,77.59441013674673
256,low_mat/imglow_0257.mat,37.71594947882779,45.64294149448732,97.80898468139704
257,low_mat/imglow_0258.mat,29.793815543497555,44.35480770289882,77.31657975040706
258,low_mat/imglow_0259.mat,30.976073740686648,45.87483582523923,94.2168239651416
259,low_mat/imglow_0260.mat,40.79292787384026,46.50072001090085,71.17031745442155
260,low_mat/imglow_0261.mat,33.41234784619299,43.714280723504686,72.07377594443459
261,low_mat/imglow_0262.mat,28.539799635180284,45.547413376528546,85.58542653420852
262,low_mat/imglow_0263.mat,27.28578372686302,46.10620097409367,75.56988092512705
263,low_mat/imglow_0264.mat,27.28578372686302,45.24240433165427,89.93067609688013
264,low_mat/imglow_0265.mat,83.25488251116268,98.52787217906585,11.599558935363778
265,low_mat/imglow_0266.mat,79.56459249733905,73.69326355939192,55.44749714247123
266,low_mat/imglow_0267.mat,80.81860840565632,69.33192209538625,66.56906742157283
267,low_mat/imglow_0268.mat,78.40972697084493,68.77098363975804,45.33523562645413
268,low_mat/imglow_0269.mat,82.64157089235152,67.89985974451538,57.32671340476159
269,low_mat/imglow_0270.mat,82.10001698466854,69.05119898937426,41.85600582552675
270,low_mat/imglow_0271.mat,78.40972697084493,68.86857858557563,43.9976454491608
271,low_mat/imglow_0272.mat,83.99473718249193,65.93927877579567,55.22023008809647
272,low_mat/imglow_0273.mat,75.43189895765558,57.87692444224926,45.63027856696913
273,low_mat/imglow_0274.mat,80.30444716866829,63.153600906455644,56.536655880656944
274,low_mat/imglow_0275.mat,72.38231323333808,60.51563774865193,36.4170794657765
275,low_mat/imglow_0276.mat,75.53104933947873,60.99532655887893,71.40205576448047
276,low_mat/imglow_0277.mat,71.84075932565509,65.81074055437836,38.04973090807346
277,low_mat/imglow_0278.mat,77.96732344498508,68.24512478049773,55.58149080025485
278,low_mat/imglow_0279.mat,84.09388756431508,66.20775963794202,47.04613452094977
279,low_mat/imglow_0280.mat,66.15659873218493,86.48247433944536,18.798159788637964
280,low_mat/imglow_0281.mat,65.0017332056908,51.8341824069993,63.18968338168199
281,low_mat/imglow_0282.mat,62.56545910018444,46.7589971108755,84.94176129028672
282,low_mat/imglow_0283.mat,63.206163389690566,45.20596629868598,73.4449816222184
283,low_mat/imglow_0284.mat,66.25574911400808,45.20964018586484,79.87737541881566
284,low_mat/imglow_0285.mat,66.25574911400808,48.20415769594987,63.3537881373559
285,low_mat/imglow_0286.mat,60.7698892841842,46.851696872882236,52.616696378745644
286,low_mat/imglow_0287.mat,62.56545910018444,42.33008230354379,50.44356873153783
287,low_mat/imglow_0288.mat,66.25574911400808,32.97469001272492,67.00233170004623
288,low_mat/imglow_0289.mat,62.56545910018444,39.62779175432332,72.72879127415501
289,low_mat/imglow_0290.mat,68.05131893000832,36.44229621747135,65.93525877688577
290,low_mat/imglow_0291.mat,69.94603912783171,36.79444923918743,63.389230558017545
291,low_mat/imglow_0292.mat,68.15046931183147,41.0199744893751,70.52624903415166
292,low_mat/imglow_0293.mat,68.15046931183147,43.034489500413294,52.6697319282366
293,low_mat/imglow_0294.mat,71.84075932565509,41.61457698914118,37.73445053865149
294,low_mat/imglow_0295.mat,55.89734107317149,94.21142079866588,11.172497465118381
295,low_mat/imglow_0296.mat,54.643325164854204,65.65383549838782,58.54576628329982
296,low_mat/imglow_0297.mat,54.643325164854204,60.364889110058954,59.68287906795998
297,low_mat/imglow_0298.mat,63.206163389690566,59.74456890190307,67.37898877761096
298,low_mat/imglow_0299.mat,58.33361517867784,57.101225203186914,55.58065591989551
299,low_mat/imglow_0300.mat,58.33361517867784,60.27126921114702,35.571490572851225
300,low_mat/imglow_0301.mat,58.33361517867784,59.64219146302583,49.16316211122134
301,low_mat/imglow_0302.mat,60.7698892841842,56.74763038044574,69.61012022168099
302,low_mat/imglow_0303.mat,54.643325164854204,50.04950276620061,65.13643234087388
303,low_mat/imglow_0304.mat,57.07959927036057,52.70890059735189,64.6274735178046
304,low_mat/imglow_0305.mat,57.07959927036057,51.32576351106974,58.39883350315813
305,low_mat/imglow_0306.mat,54.643325164854204,53.493023908735864,54.00332199943715
306,low_mat/imglow_0307.mat,64.46017929800783,53.782492482123786,46.6085446601724
307,low_mat/imglow_0308.mat,68.15046931183147,56.20549218190382,66.21532171588566
308,low_mat/imglow_0309.mat,62.66460948200759,57.020947574423694,49.16269276793422
309,low_mat/imglow_0310.mat,51.02479286215876,79.98238012179455,35.55244637450297
310,low_mat/imglow_0311.mat,47.33450284833513,39.577146561476845,62.445441621147694
311,low_mat/imglow_0312.mat,47.33450284833513,33.67089986109935,63.37980451128731
312,low_mat/imglow_0313.mat,49.77077695384149,35.96543907947579,71.0789002804947
313,low_mat/imglow_0314.mat,47.33450284833513,33.888518942072544,58.694447303398164
314,low_mat/imglow_0315.mat,50.4114812433476,37.718739104263285,64.66853783343825
315,low_mat/imglow_0316.mat,51.66549715166487,36.23430387483352,65.42170776588463
316,low_mat/imglow_0317.mat,52.306201441170984,32.36586611584763,70.76292328441072
317,low_mat/imglow_0318.mat,48.615911427347356,26.072899698904287,70.45489729091264
318,low_mat/imglow_0319.mat,43.74336321633464,30.41224914954008,63.73409626965159
319,low_mat/imglow_0320.mat,51.692889822359824,27.46709731513502,58.297793803606574
320,low_mat/imglow_0321.mat,43.22920197934662,26.5201479121304,73.39973015917
321,low_mat/imglow_0322.mat,44.48321788766389,32.5507883400215,61.7200051572653
322,low_mat/imglow_0323.mat,45.665476084852976,34.55078729147583,68.13773540049561
323,low_mat/imglow_0324.mat,49.35576609867662,32.088798363939745,63.10469866605084
324,low_mat/imglow_0325.mat,35.180524991498295,67.49527274220655,51.94877679690456
325,low_mat/imglow_0326.mat,35.8212292810044,26.61580666415493,78.80865356827447
326,low_mat/imglow_0327.mat,39.511519294828034,24.456992289197483,80.70499809703956
327,low_mat/imglow_0328.mat,36.46193357051052,23.36830605249826,71.86176693490383
328,low_mat/imglow_0329.mat,38.3566537683339,22.091496842086265,76.05560783582364
329,low_mat/imglow_0330.mat,28.539799635180284,23.54712445195821,61.3898774151858
330,low_mat/imglow_0331.mat,27.28578372686302,24.80948981761039,59.73478589033618
331,low_mat/imglow_0332.mat,35.92037966282754,22.962467410226346,52.44135058253754
332,low_mat/imglow_0333.mat,35.92037966282754,15.217090281227698,73.75469782989683
333,low_mat/imglow_0334.mat,32.230089649003915,18.66802554269417,59.83749750948069
334,low_mat/imglow_0335.mat,32.230089649003915,16.853475167113647,70.73559535160732
335,low_mat/imglow_0336.mat,35.92037966282754,17.103548580200815,87.28287838896607
336,low_mat/imglow_0337.mat,35.92037966282754,23.023565310380572,69.55653628435734
337,low_mat/imglow_0338.mat,35.92037966282754,19.797935460578305,85.87625145651786
338,low_mat/imglow_0339.mat,39.61066967665117,20.06069328515521,73.06080467065424
339,low_mat/imglow_0340.mat,11.414123185507588,44.25425306664379,61.054927149808904
340,low_mat/imglow_0341.mat,11.414123185507588,16.554008567729888,83.29075840098733
341,low_mat/imglow_0342.mat,11.414123185507588,20.713111465046598,99.0
342,low_mat/imglow_0343.mat,13.850397291013941,16.718383295097397,91.68599508697078
343,low_mat/imglow_0344.mat,13.850397291013941,15.238805911827665,83.37705462755423
344,low_mat/imglow_0345.mat,12.0548274750137,17.22171217428505,81.1495948385435
345,low_mat/imglow_0346.mat,12.153977856836839,15.899579558685561,75.59128051847851
346,low_mat/imglow_0347.mat,6.668118027012961,18.504451588683175,92.95376581654845
347,low_mat/imglow_0348.mat,4.872548211012713,19.513032250601043,81.08496965318433
348,low_mat/imglow_0349.mat,4.872548211012713,18.309057764343677,82.83126646112376
349,low_mat/imglow_0350.mat,6.668118027012961,16.581056533069887,87.24904062599437
350,low_mat/imglow_0351.mat,10.358408040836597,19.950719885398506,84.60933274637924
351,low_mat/imglow_0352.mat,8.562838224836351,20.26306488330741,84.652584861676
352,low_mat/imglow_0353.mat,8.562838224836351,20.114060232562384,90.86435333980131
353,low_mat/imglow_0354.mat,12.253128238659976,19.4954417005917,85.84776481732912
354,low_mat/imglow_0355.mat,64.3610289161847,85.82116637484638,50.769605791409695
355,low_mat/imglow_0356.mat,66.25574911400808,98.92017832257649,0.0
356,low_mat/imglow_0357.mat,66.25574911400808,82.0592206820886,34.47147665104939
357,low_mat/imglow_0358.mat,68.05131893000832,81.66732060831757,39.18176154816667
358,low_mat/imglow_0359.mat,66.25574911400808,84.08241961838098,42.75215377567657
359,low_mat/imglow_0360.mat,68.05131893000832,99.0,7.492726316096163
360,low_mat/imglow_0361.mat,66.25574911400808,88.18191197150986,49.43252975005214
361,low_mat/imglow_0362.mat,55.89734107317149,79.07049335591722,41.844942155526475
362,low_mat/imglow_0363.mat,54.643325164854204,95.2217961560051,5.331592457385258
363,low_mat/imglow_0364.mat,49.77077695384149,75.70276676343734,52.15294697602119
364,low_mat/imglow_0365.mat,57.07959927036057,74.96601575477085,51.85808659164132
365,low_mat/imglow_0366.mat,57.07959927036057,78.2005617563507,44.034025317622415
366,low_mat/imglow_0367.mat,57.07959927036057,94.40332901213748,25.783221283847794
367,low_mat/imglow_0368.mat,60.7698892841842,82.15896147801757,59.23704865022577
368,low_mat/imglow_0369.mat,48.5885187566524,69.85901544825569,57.2564860145134
369,low_mat/imglow_0370.mat,41.30708911082828,87.38575572561105,37.923932019849396
370,low_mat/imglow_0371.mat,40.15222358433415,65.20206170606714,59.97580108667506
371,low_mat/imglow_0372.mat,38.3566537683339,64.42809434486479,53.374064774360086
372,low_mat/imglow_0373.mat,38.3566537683339,67.04192317123626,53.7368744695749
373,low_mat/imglow_0374.mat,30.976073740686648,87.013372105561,19.898952007975442
374,low_mat/imglow_0375.mat,45.024771795346865,72.51809875217111,43.8411648789668
375,low_mat/imglow_0376.mat,29.252261635814584,51.982757836036896,78.7313586630034
376,low_mat/imglow_0377.mat,23.125697516484596,70.0304919521231,69.55050185617752
377,low_mat/imglow_0378.mat,15.74511748883733,49.63307057791384,77.74239346799466
378,low_mat/imglow_0379.mat,23.125697516484596,49.41130537943931,80.55503667047348
379,low_mat/imglow_0380.mat,14.49110158052006,51.06377086129322,81.55015920709904
380,low_mat/imglow_0381.mat,23.053939805356414,68.62643103970782,47.853660885653404
381,low_mat/imglow_0382.mat,17.56807997553253,52.78787115559417,69.636262511783
382,low_mat/imglow_0383.mat,77.32661915547897,82.22682208675678,61.43742339285228
383,low_mat/imglow_0384.mat,77.32661915547897,82.35669775925213,61.00136954969576
384,low_mat/imglow_0385.mat,69.94603912783171,81.16288996956575,68.29827639039121
385,low_mat/imglow_0386.mat,73.63632914165532,76.5711044985006,71.3399914027245
386,low_mat/imglow_0387.mat,77.32661915547897,69.3456544744952,65.00092831367387
387,low_mat/imglow_0388.mat,69.94603912783171,65.90166973018108,81.56489009030261
388,low_mat/imglow_0389.mat,73.63632914165532,76.28642009172566,61.38572995204886
389,low_mat/imglow_0390.mat,62.56545910018444,75.13662853396188,56.927178139758084
390,low_mat/imglow_0391.mat,58.87516908636082,74.06580757551382,55.13191227385103
391,low_mat/imglow_0392.mat,62.56545910018444,68.39250903965761,64.44721922362844
392,low_mat/imglow_0393.mat,66.25574911400808,61.79128742740656,59.91114886362674
393,low_mat/imglow_0394.mat,69.94603912783171,57.88999075583431,82.22925519489031
394,low_mat/imglow_0395.mat,59.587631086995124,64.44831596440135,55.492751435411364
395,low_mat/imglow_0396.mat,55.89734107317149,64.45310703401194,57.191528516969534
396,low_mat/imglow_0397.mat,52.20705105934785,63.0353572962773,59.07285267762676
397,low_mat/imglow_0398.mat,52.946905730677095,58.608150922782244,70.12455861708912
398,low_mat/imglow_0399.mat,55.38317983618346,52.843211404864846,67.57441283412638
399,low_mat/imglow_0400.mat,56.5380453626776,50.76132699566158,62.301814483064064
400,low_mat/imglow_0401.mat,41.30708911082828,49.6076159600668,81.39379420985055
401,low_mat/imglow_0402.mat,35.92037966282754,48.98968062199949,73.60863756425371
402,low_mat/imglow_0403.mat,39.511519294828034,47.907262984880326,58.721451364704464
403,low_mat/imglow_0404.mat,32.230089649003915,48.105050096852196,84.97534992413719
404,low_mat/imglow_0405.mat,32.230089649003915,52.044147092613066,89.73183449464452
405,low_mat/imglow_0406.mat,32.230089649003915,55.244419325492856,91.94396988158975
406,low_mat/imglow_0407.mat,82.81247898530285,45.557906733335216,56.658385215441086
407,low_mat/imglow_0408.mat,79.12218897147922,48.00387210023542,29.276817144309845
408,low_mat/imglow_0409.mat,75.53104933947873,43.15230149517951,47.25881400226097
409,low_mat/imglow_0410.mat,75.53104933947873,52.14848755857018,40.03796499790103
410,low_mat/imglow_0411.mat,75.53104933947873,43.37874676784743,35.343140216293946
411,low_mat/imglow_0412.mat,75.53104933947873,22.874266995814832,61.79681930933048
412,low_mat/imglow_0413.mat,75.53104933947873,22.932840006196454,57.418231406742045
413,low_mat/imglow_0414.mat,71.84075932565509,21.60800850263198,61.89863654722325
414,low_mat/imglow_0415.mat,75.53104933947873,27.30049389362495,55.539275302385306
415,low_mat/imglow_0416.mat,71.84075932565509,21.619332568033567,59.5917343533171
416,low_mat/imglow_0417.mat,60.327485758324364,37.40318226657052,62.08107693476057
417,low_mat/imglow_0418.mat,57.277900034006855,38.88478494971418,48.984294087083484
418,low_mat/imglow_0419.mat,56.73634612632388,34.15382125746186,53.210002831841145
419,low_mat/imglow_0420.mat,50.60978200699389,42.80212121717935,48.02778700377921
420,low_mat/imglow_0421.mat,50.60978200699389,35.09292286798987,45.02062817298358
421,low_mat/imglow_0422.mat,39.61066967665117,14.49798973515452,72.07676097247412
422,low_mat/imglow_0423.mat,39.61066967665117,14.967657456719857,80.83280421659849
423,low_mat/imglow_0424.mat,35.92037966282754,15.425801037223145,71.32115520524512
424,low_mat/imglow_0425.mat,37.81509986065093,22.798472961143453,67.84624914633697
425,low_mat/imglow_0426.mat,28.63895001700343,15.972121053434588,66.45605274875403
426,low_mat/imglow_0427.mat,25.661122003814086,12.205752430802091,60.94314730566506
427,low_mat/imglow_0428.mat,25.661122003814086,12.647395503891675,86.62418747767799
428,low_mat/imglow_0429.mat,22.611536279496566,10.237141732794159,78.80397977540063
429,low_mat/imglow_0430.mat,18.921246265672938,13.638670418388653,77.74859897394488
430,low_mat/imglow_0431.mat,16.48497216016658,9.653772012110137,81.2575109310298
431,low_mat/imglow_0432.mat,11.612423949153863,29.823332794240436,59.02174210901447
432,low_mat/imglow_0433.mat,9.816854133153615,27.776606579259788,74.07965806661008
433,low_mat/imglow_0434.mat,7.380580027647257,29.83426494698552,82.96354655580757
434,low_mat/imglow_0435.mat,0.0,27.428590081690146,72.59497765152474
435,low_mat/imglow_0436.mat,3.690290013823634,31.42397847131811,76.45693872500773
436,low_mat/imglow_0437.mat,60.7698892841842,79.87688028013564,44.917159148588226
437,low_mat/imglow_0438.mat,75.53104933947873,79.13874979185312,58.538781144615086
438,low_mat/imglow_0439.mat,64.46017929800783,79.78878097843895,42.58300580207054
439,low_mat/imglow_0440.mat,74.27703343116144,79.98115654175547,40.30568494840683
440,low_mat/imglow_0441.mat,74.27703343116144,77.38125830443265,60.30979237925094
441,low_mat/imglow_0442.mat,70.58674341733783,75.07828109146173,46.944804552634395
442,low_mat/imglow_0443.mat,72.48146361516119,75.09440430880977,43.062185918507794
443,low_mat/imglow_0444.mat,71.84075932565509,77.40547539129332,30.83223504966214
444,low_mat/imglow_0445.mat,66.35489949583122,73.99476207196416,59.211697958907266
445,low_mat/imglow_0446.mat,66.35489949583122,74.28968399837854,59.33877873130431
446,low_mat/imglow_0447.mat,70.04518950965485,76.01965653147715,49.831574041760454
447,low_mat/imglow_0448.mat,65.10088358751396,76.70835449747327,39.38098649453236
448,low_mat/imglow_0449.mat,68.2496196936546,76.94612294151813,50.56666964762808
449,low_mat/imglow_0450.mat,64.55932967983097,77.56562850001423,47.06530957468129
450,low_mat/imglow_0451.mat,60.96819004783048,78.13855344372482,61.83624288335677
451,low_mat/imglow_0452.mat,62.66460948200759,73.7970461720448,52.484050996157904
452,low_mat/imglow_0453.mat,60.96819004783048,75.31976106501872,44.143017109629135
453,low_mat/imglow_0454.mat,62.76375986383073,73.45261032154926,62.98410617732636
454,low_mat/imglow_0455.mat,57.17874965218372,73.40950152352586,65.15019621958304
455,low_mat/imglow_0456.mat,57.17874965218372,72.1245132794581,38.437012709266774
456,low_mat/imglow_0457.mat,55.38317983618346,73.60294789142017,24.15194831619435
457,low_mat/imglow_0458.mat,53.58761002018322,72.89945198144804,53.12425242700095
458,low_mat/imglow_0459.mat,60.96819004783048,71.19008442881047,43.670778120051594
459,low_mat/imglow_0460.mat,53.58761002018322,68.65519732106532,39.046099972319475
460,low_mat/imglow_0461.mat,59.17262023183024,68.35823380874167,70.61785687748953
461,low_mat/imglow_0462.mat,51.792040204182975,70.56960371356546,41.03587264771043
462,low_mat/imglow_0463.mat,55.48233021800661,67.40635772640508,57.465843275203504
463,low_mat/imglow_0464.mat,55.48233021800661,68.3295072939013,53.54829568180623
464,low_mat/imglow_0465.mat,51.792040204182975,69.049242242053,44.66856623054482
465,low_mat/imglow_0466.mat,51.792040204182975,69.57882889919634,58.29653386683848
466,low_mat/imglow_0467.mat,51.792040204182975,69.68867050225877,56.35912396291155
467,low_mat/imglow_0468.mat,51.792040204182975,71.32024365181087,52.104698031660696
468,low_mat/imglow_0469.mat,55.48233021800661,70.11229704466263,48.987079554418735
469,low_mat/imglow_0470.mat,51.792040204182975,66.27506172153869,46.84057072518426
470,low_mat/imglow_0471.mat,49.99647038818273,68.05585773070587,53.78600134793837
471,low_mat/imglow_0472.mat,51.89119058600611,66.14652404609927,45.59164733983648
472,low_mat/imglow_0473.mat,43.32835236116976,64.13874065192157,45.723444134508014
473,low_mat/imglow_0474.mat,43.32835236116976,61.99298705948838,63.06878973340153
474,low_mat/imglow_0475.mat,45.76462646667612,62.370168877555635,66.51618126335303
475,low_mat/imglow_0476.mat,40.8920782556634,62.39717316306504,31.41850222550792
476,low_mat/imglow_0477.mat,41.53278254516952,60.094276301833055,55.68059150592218
477,low_mat/imglow_0478.mat,41.53278254516952,58.030549473237656,52.981045399051716
478,low_mat/imglow_0479.mat,43.96905665067587,58.6508846939194,74.8337514423137
479,low_mat/imglow_0480.mat,43.96905665067587,59.66483112429031,49.8697050448775
480,low_mat/imglow_0481.mat,42.17348683467562,57.82452019726762,65.20351736216416
481,low_mat/imglow_0482.mat,44.609760940181985,57.701477779978624,70.30964646363347
482,low_mat/imglow_0483.mat,39.73721272916927,59.14744078089421,56.21108361243393
483,low_mat/imglow_0484.mat,39.73721272916927,59.86701840152956,70.82925624253765
484,low_mat/imglow_0485.mat,42.17348683467562,58.627112514906635,59.460232912702146
485,low_mat/imglow_0486.mat,39.73721272916927,60.66007859166038,68.73096583913461
486,low_mat/imglow_0487.mat,42.81419112418174,59.99447443376967,62.603089316091605
487,low_mat/imglow_0488.mat,46.40533075618224,56.46484013375527,94.0985665167773
488,low_mat/imglow_0489.mat,37.94164291316903,57.74808974789108,68.80119319669099
489,low_mat/imglow_0490.mat,40.37791701867538,56.72968659871267,61.66137662110849
490,low_mat/imglow_0491.mat,30.632820596649946,48.49585124311465,76.57718481468552
491,low_mat/imglow_0492.mat,30.632820596649946,48.5770634676628,90.65561124812474
492,low_mat/imglow_0493.mat,30.632820596649946,49.19179187668209,73.06578681435532
493,low_mat/imglow_0494.mat,30.632820596649946,48.50197532155599,87.66669649135447
494,low_mat/imglow_0495.mat,30.632820596649946,47.804001904343316,77.09989136262193
495,low_mat/imglow_0496.mat,26.942530582826315,48.62122522189608,85.02959829149286
496,low_mat/imglow_0497.mat,23.252240569002687,49.922086496456686,87.32897095897373
497,low_mat/imglow_0498.mat,26.942530582826315,49.570655308060786,86.69230901985931
498,low_mat/imglow_0499.mat,30.632820596649946,48.95008800798426,80.13948352297548
499,low_mat/imglow_0500.mat,30.632820596649946,49.194543032568994,83.87071096766874
500,low_mat/imglow_0501.mat,30.632820596649946,48.601262310054985,82.63354027680197
501,low_mat/imglow_0502.mat,30.632820596649946,46.78113962071763,82.92415530320629
502,low_mat/imglow_0503.mat,30.632820596649946,47.760507421221384,83.15077334339296
503,low_mat/imglow_0504.mat,30.632820596649946,48.329527491292716,75.4844772255196
504,low_mat/imglow_0505.mat,30.632820596649946,47.91542692755044,82.75598742495109
505,low_mat/imglow_0506.mat,30.632820596649946,48.88085295223885,92.13509824741094
506,low_mat/imglow_0507.mat,30.632820596649946,47.863590802569945,90.73261453753696
507,low_mat/imglow_0508.mat,30.632820596649946,48.12962350067865,83.31998060642948
508,low_mat/imglow_0509.mat,77.22746877365581,43.62257730349959,28.946492145313652
509,low_mat/imglow_0510.mat,80.91775878747947,48.352564641998995,31.51731004731744
510,low_mat/imglow_0511.mat,79.12218897147922,39.611958910391934,46.26497055412682
511,low_mat/imglow_0512.mat,82.81247898530285,29.162250765239083,57.475559129024
512,low_mat/imglow_0513.mat,79.12218897147922,32.67817064523858,52.82640137428837
513,low_mat/imglow_0514.mat,79.12218897147922,29.945343786114062,52.44124151899159
514,low_mat/imglow_0515.mat,77.32661915547897,30.32550167663061,63.83810279408459
515,low_mat/imglow_0516.mat,79.12218897147922,23.012801134027853,42.141144888386705
516,low_mat/imglow_0517.mat,73.63632914165532,25.497363948443283,60.29878086677315
517,low_mat/imglow_0518.mat,77.32661915547897,23.347123980313654,50.36591418151323
518,low_mat/imglow_0519.mat,73.63632914165532,17.86516746558446,45.01537268615339
519,low_mat/imglow_0520.mat,66.25574911400808,19.186465070010605,59.20917841060778
520,low_mat/imglow_0521.mat,73.63632914165532,14.74180852567344,67.16664957234077
521,low_mat/imglow_0522.mat,73.63632914165532,6.472722837573634,60.45923854934564
522,low_mat/imglow_0523.mat,69.94603912783171,10.086334058013984,74.78986082433437
523,low_mat/imglow_0524.mat,64.46017929800783,8.492577859385296,69.44486813825118
524,low_mat/imglow_0525.mat,65.7141952063251,10.351714663817269,60.04536099267936
525,low_mat/imglow_0526.mat,65.7141952063251,6.0207564418932416,81.8419976511309
526,low_mat/imglow_0527.mat,69.40448522014873,4.243897726194072,64.89820466076631
527,low_mat/imglow_0528.mat,69.40448522014873,3.5812039019565916,68.7370529779855
528,low_mat/imglow_0529.mat,64.46017929800783,34.66679905712209,52.116710321896385
529,low_mat/imglow_0530.mat,59.587631086995124,35.26312068888836,33.48118292045421
530,low_mat/imglow_0531.mat,65.7141952063251,30.828576911041043,51.06205174086584
531,low_mat/imglow_0532.mat,58.97431946818396,16.96092844893663,68.8551629130922
532,low_mat/imglow_0533.mat,60.869039666007346,22.4120514502516,43.924631621611425
533,low_mat/imglow_0534.mat,58.43276556050099,17.487961006618736,47.99696854631326
534,low_mat/imglow_0535.mat,52.306201441170984,22.813172254198594,57.419747198221515
535,low_mat/imglow_0536.mat,57.891211652818015,14.104805128145212,68.3098194627678
536,low_mat/imglow_0537.mat,55.996491454994626,14.600166865674552,38.80222881564469
537,low_mat/imglow_0538.mat,54.20092163899438,10.879174368246073,47.61351576172441
538,low_mat/imglow_0539.mat,46.79294894065215,9.145578206851487,61.639128180136495
539,low_mat/imglow_0540.mat,43.20180930865167,13.033549934144407,73.85064467377082
540,low_mat/imglow_0541.mat,45.09652950647506,6.545870665985824,74.83026784359403
541,low_mat/imglow_0542.mat,41.40623949265142,1.4947138786907896,84.12689196074554
542,low_mat/imglow_0543.mat,39.61066967665117,0.10365772498849149,66.12978939651319
543,low_mat/imglow_0544.mat,39.61066967665117,4.607889700966449,74.11134796024777
544,low_mat/imglow_0545.mat,35.92037966282754,6.073403705232056,59.06649646756003
545,low_mat/imglow_0546.mat,39.61066967665117,1.5666318939056432,69.76373997126007
546,low_mat/imglow_0547.mat,41.40623949265142,1.315299044951782,77.55253234805657
547,low_mat/imglow_0548.mat,39.61066967665117,0.0,72.81394485422278
548,low_mat/imglow_0549.mat,39.61066967665117,2.169063986135412,68.32428779353698
549,low_mat/imglow_0550.mat,35.92037966282754,6.181574268320443,75.51465361460426
550,low_mat/imglow_0551.mat,37.174395571144814,3.733814914478659,85.73714423750388
551,low_mat/imglow_0552.mat,39.61066967665117,4.351886904353772,85.64710789750195
552,low_mat/imglow_0553.mat,37.174395571144814,3.6146987200909795,79.44161942655582
553,low_mat/imglow_0554.mat,31.04783145181483,7.359858321988608,74.26068217033648
554,low_mat/imglow_0555.mat,27.45669181981433,7.8311576656309745,84.25070566481087
555,low_mat/imglow_0556.mat,29.252261635814584,9.400562131185561,83.11635678564163
556,low_mat/imglow_0557.mat,25.661122003814086,6.728062446730275,69.7831192060616
557,low_mat/imglow_0558.mat,20.78857379280137,8.458860270342086,70.81052344037181
558,low_mat/imglow_0559.mat,23.83815951711889,21.85238167074609,85.53839245225797
559,low_mat/imglow_0560.mat,8.535445554141386,26.014807104273142,85.88605989926485
560,low_mat/imglow_0561.mat,6.739875738141144,23.06771881667635,75.55865755052294
561,low_mat/imglow_0562.mat,9.176149843647504,31.97604727133498,84.67382209741088
562,low_mat/imglow_0563.mat,8.634595935964528,34.58096393243854,86.48885053957623
563,low_mat/imglow_0564.mat,8.634595935964528,34.678295533598465,82.86162453075565
564,low_mat/imglow_0565.mat,1.254015908317272,36.413162937419706,78.21775664723846
565,low_mat/imglow_0566.mat,4.9443059221409005,41.07751759246471,79.37773119488503
566,low_mat/imglow_0567.mat,8.634595935964528,34.41128385784504,75.4993547712412
567,low_mat/imglow_0568.mat,2.5080318166345386,40.56284348408114,63.1128501360048
568,low_mat/imglow_0569.mat,68.15046931183147,60.452537583592125,61.49840992775518
569,low_mat/imglow_0570.mat,75.53104933947873,62.3219535464533,60.678760093740706
570,low_mat/imglow_0571.mat,71.84075932565509,59.822204355962654,59.04235558764772
571,low_mat/imglow_0572.mat,71.84075932565509,61.8707318108864,52.00999773013545
572,low_mat/imglow_0573.mat,68.15046931183147,64.52557992509749,55.173941288994186
573,low_mat/imglow_0574.mat,64.46017929800783,62.31963088927088,38.225199006184184
574,low_mat/imglow_0575.mat,68.15046931183147,69.09254205930726,48.15671437355792
575,low_mat/imglow_0576.mat,68.15046931183147,67.8979904766311,55.151661475454326
576,low_mat/imglow_0577.mat,58.33361517867784,53.39567252214126,60.23410855061744
577,low_mat/imglow_0578.mat,58.33361517867784,53.99222636174597,59.15260855909996
578,low_mat/imglow_0579.mat,60.7698892841842,52.887581937456446,59.889846208437795
579,low_mat/imglow_0580.mat,60.7698892841842,54.07092620527629,64.59594715591638
580,low_mat/imglow_0581.mat,58.33361517867784,56.26648629828745,47.63040168115207
581,low_mat/imglow_0582.mat,57.17874965218372,54.55888694482228,46.333784297327824
582,low_mat/imglow_0583.mat,55.38317983618346,59.980765442348336,46.01974749736482
583,low_mat/imglow_0584.mat,56.63719574450074,59.219161485686875,53.011322314082314
584,low_mat/imglow_0585.mat,43.84251359815779,47.308497322972165,68.59238273143228
585,low_mat/imglow_0586.mat,41.40623949265142,46.45577146829367,82.23411709237149
586,low_mat/imglow_0587.mat,41.40623949265142,47.021918238365444,60.572673948884876
587,low_mat/imglow_0588.mat,42.04694378215754,46.13174951694944,69.27833749793109
588,low_mat/imglow_0589.mat,44.48321788766389,46.33488788823614,70.73754060401998
589,low_mat/imglow_0590.mat,35.92037966282754,45.382498085276076,62.258671879128194
590,low_mat/imglow_0591.mat,38.3566537683339,49.66387372008297,52.485943653328334
591,low_mat/imglow_0592.mat,40.79292787384026,49.35794236833037,75.2571985450028
592,low_mat/imglow_0593.mat,33.58325593914433,50.89449415730134,84.48437577084384
593,low_mat/imglow_0594.mat,17.098283778977745,51.73005311299496,95.76677111653906
594,low_mat/imglow_0595.mat,26.91513791213136,49.91052125757781,86.87362797520443
595,low_mat/imglow_0596.mat,29.252261635814584,50.13920755178336,84.8222726010787
596,low_mat/imglow_0597.mat,28.196546491143586,48.46172946085713,73.65442879640086
597,low_mat/imglow_0598.mat,22.611536279496566,48.86255053593957,88.89100480970028
598,low_mat/imglow_0599.mat,22.069982371813595,43.97850065851326,68.18605072338536
599,low_mat/imglow_0600.mat,20.815966463496324,43.95817565920611,76.78073074065462
600,low_mat/imglow_0601.mat,68.69202321951444,79.51144772008288,43.62485477662135
601,low_mat/imglow_0602.mat,74.81858733884444,83.69020779322476,23.048980970988488
602,low_mat/imglow_0603.mat,71.1282973250208,81.2375432977535,56.103247565568374
603,low_mat/imglow_0604.mat,74.81858733884444,75.775876963372,66.44345900803113
604,low_mat/imglow_0605.mat,74.27703343116144,80.00040093952694,61.44774613660936
605,low_mat/imglow_0606.mat,64.46017929800783,72.101746300841,53.84603146815443
606,low_mat/imglow_0607.mat,62.66460948200759,77.76020263365072,42.51014538531573
607,low_mat/imglow_0608.mat,55.38317983618346,74.4621304698089,58.52785777964302
608,low_mat/imglow_0609.mat,55.38317983618346,68.33582852451468,80.82183311072856
609,low_mat/imglow_0610.mat,64.55932967983097,72.77794010228511,60.529996981772975
610,low_mat/imglow_0611.mat,55.38317983618346,59.74357794260379,69.96882973845949
611,low_mat/imglow_0612.mat,55.38317983618346,66.10941002787487,39.427493308686934
612,low_mat/imglow_0613.mat,53.58761002018322,63.77814886958687,78.80956573091643
613,low_mat/imglow_0614.mat,53.58761002018322,57.780713877988156,61.6352515743008
614,low_mat/imglow_0615.mat,51.792040204182975,60.70366804827965,71.28391834509891
615,low_mat/imglow_0616.mat,37.81509986065093,47.014733416062484,80.12443126972953
616,low_mat/imglow_0617.mat,34.223960228650434,48.8471788424984,81.67541571664017
617,low_mat/imglow_0618.mat,30.5336702148268,47.11478619276516,78.73590441099077
618,low_mat/imglow_0619.mat,28.738100398826557,45.26548057400408,86.72584771078026
619,low_mat/imglow_0620.mat,28.738100398826557,45.93420100259515,90.34753555190956
620,low_mat/imglow_0621.mat,84.50889841947995,58.45969863770281,15.342993649222795
621,low_mat/imglow_0622.mat,80.81860840565632,64.35933126577858,7.342585485979942
622,low_mat/imglow_0623.mat,84.50889841947995,65.88329298318261,17.661698579252693
623,low_mat/imglow_0624.mat,77.12831839183269,67.49795679106421,2.103611232175637
624,low_mat/imglow_0625.mat,75.33274857583245,67.31894609611177,28.582679231465654
625,low_mat/imglow_0626.mat,79.02303858965607,76.58117501532939,19.469457254914563
626,low_mat/imglow_0627.mat,82.7133286034797,75.45923894288951,7.679447542882511
627,low_mat/imglow_0628.mat,83.35403289298581,76.13296318978415,42.99873996340581
628,low_mat/imglow_0629.mat,85.14960270898605,71.49427391364176,45.22749816975454
629,low_mat/imglow_0630.mat,75.43189895765558,75.53741106543016,31.391792503801643
630,low_mat/imglow_0631.mat,69.84688874600857,36.3502223837846,37.64128060770581
631,low_mat/imglow_0632.mat,66.15659873218493,43.41805701564467,46.40707554933359
632,low_mat/imglow_0633.mat,66.25574911400808,44.09656495376139,43.02434137386965
633,low_mat/imglow_0634.mat,57.07959927036057,45.97468433969096,45.18215210540627
634,low_mat/imglow_0635.mat,62.56545910018444,44.35508956012623,50.410262647244636
635,low_mat/imglow_0636.mat,60.7698892841842,55.41210725471235,52.11197924265243
636,low_mat/imglow_0637.mat,62.56545910018444,54.13708125505252,44.42319889550194
637,low_mat/imglow_0638.mat,60.7698892841842,55.129811453638936,23.261093702853213
638,low_mat/imglow_0639.mat,60.7698892841842,50.14405547736419,30.680668330127375
639,low_mat/imglow_0640.mat,60.7698892841842,55.619253118368526,32.76025368349114
640,low_mat/imglow_0641.mat,58.33361517867784,49.87055204888829,46.48558905479334
641,low_mat/imglow_0642.mat,55.89734107317149,55.53566301441141,34.984356498631264
642,low_mat/imglow_0643.mat,58.33361517867784,58.84018759528105,17.792247811220417
643,low_mat/imglow_0644.mat,52.20705105934785,59.22454169091866,10.26925443932279
644,low_mat/imglow_0645.mat,57.07959927036057,57.933407392305554,22.43028065062943
645,low_mat/imglow_0646.mat,54.643325164854204,70.03326534554513,44.07962940120832
646,low_mat/imglow_0647.mat,58.33361517867784,67.78306491183145,4.660805968670134
647,low_mat/imglow_0648.mat,55.89734107317149,68.8249089583015,34.16342928432953
648,low_mat/imglow_0649.mat,55.89734107317149,63.42709572639212,41.452638606737196
649,low_mat/imglow_0650.mat,56.5380453626776,68.5032577160365,34.06682434302344
650,low_mat/imglow_0651.mat,51.02479286215876,27.452950887597748,67.34798688069093
651,low_mat/imglow_0652.mat,48.5885187566524,31.047287569826956,50.22530341037817
652,low_mat/imglow_0653.mat,39.511519294828034,34.049654238234524,65.36161815289947
653,low_mat/imglow_0654.mat,43.74336321633464,35.46431258141671,50.11449124284092
654,low_mat/imglow_0655.mat,40.15222358433415,32.875414645728476,70.61689221901739
655,low_mat/imglow_0656.mat,37.71594947882779,47.30720465171289,55.99613020117599
656,low_mat/imglow_0657.mat,39.511519294828034,44.60196964353852,31.03659646611664
657,low_mat/imglow_0658.mat,43.84251359815779,46.50742060116366,55.19303046310241
658,low_mat/imglow_0659.mat,38.3566537683339,43.757120048816255,47.58442761785378
659,low_mat/imglow_0660.mat,43.20180930865167,42.30860350468844,52.62738851064523
660,low_mat/imglow_0661.mat,40.765535203145305,19.640598141568745,73.68594960717869
661,low_mat/imglow_0662.mat,39.511519294828034,21.17493237791752,56.082616069851575
662,low_mat/imglow_0663.mat,33.48410555732118,23.184851830572477,64.18347047978843
663,low_mat/imglow_0664.mat,26.10352552967392,22.740451258935746,64.38879174720357
664,low_mat/imglow_0665.mat,29.793815543497555,24.87419784265276,57.718043481500075
665,low_mat/imglow_0666.mat,32.230089649003915,30.365709429212373,70.151465790619
666,low_mat/imglow_0667.mat,26.10352552967392,30.069102004795486,62.7239943312858
667,low_mat/imglow_0668.mat,37.174395571144814,29.82324870103393,61.10395952731747
668,low_mat/imglow_0669.mat,33.48410555732118,26.778459916435846,59.99485776315265
669,low_mat/imglow_0670.mat,32.230089649003915,28.820847899486854,72.98749263763057
670,low_mat/imglow_0671.mat,20.689423410978236,25.92397626903159,91.21955446702174
671,low_mat/imglow_0672.mat,16.457579489471627,21.639024752076892,91.67142052258713
672,low_mat/imglow_0673.mat,10.872569277824612,23.17697021536767,64.43832827933738
673,low_mat/imglow_0674.mat,15.203563581154354,18.80812957427954,79.07899332453354
674,low_mat/imglow_0675.mat,9.076999461824375,20.045418179597213,86.87915063896034
675,low_mat/imglow_0676.mat,7.2814296458241206,19.97721860225283,85.0949884104211
676,low_mat/imglow_0677.mat,7.2814296458241206,19.3182793883272,83.32813124061349
677,low_mat/imglow_0678.mat,7.922133935330239,20.510663035088523,65.5230586637802
678,low_mat/imglow_0679.mat,7.922133935330239,21.29858154003717,82.80677896009533
679,low_mat/imglow_0680.mat,13.507144146977254,17.239762574765827,88.29891540282509
680,low_mat/imglow_0681.mat,65.0017332056908,91.34413591293016,39.42084683195614
681,low_mat/imglow_0682.mat,62.56545910018444,88.50118081861713,34.05657086396492
682,low_mat/imglow_0683.mat,60.7698892841842,88.49607479423287,46.10300797443673
683,low_mat/imglow_0684.mat,64.46017929800783,89.42348633855727,42.71094858281367
684,low_mat/imglow_0685.mat,60.7698892841842,85.6878125443364,47.58936506828034
685,low_mat/imglow_0686.mat,60.7698892841842,86.1267369451569,31.52057339154652
686,low_mat/imglow_0687.mat,58.97431946818396,83.09018640054398,48.49783806481637
687,low_mat/imglow_0688.mat,58.97431946818396,83.14297707534892,35.34269481477742
688,low_mat/imglow_0689.mat,55.38317983618346,84.10261666169117,36.76016285092218
689,low_mat/imglow_0690.mat,55.38317983618346,79.63136446448507,46.93717520176487
690,low_mat/imglow_0691.mat,45.024771795346865,77.58543748646491,46.70818390512267
691,low_mat/imglow_0692.mat,42.04694378215754,72.69148660800832,47.64086458897901
692,low_mat/imglow_0693.mat,46.919491993170254,72.99061854187526,43.74451000526159
693,low_mat/imglow_0694.mat,44.48321788766389,74.27754211055873,21.870260274882916
694,low_mat/imglow_0695.mat,51.792040204182975,68.7866021530816,54.2402775674359
695,low_mat/imglow_0696.mat,28.63895001700343,57.43456428099254,58.45573025552938
696,low_mat/imglow_0697.mat,23.865552187813837,53.815425862716964,68.63764669912527
697,low_mat/imglow_0698.mat,26.942530582826315,54.69645401674373,60.38027593819486
698,low_mat/imglow_0699.mat,19.561950555179052,55.58712531183759,61.73477981536027
699,low_mat/imglow_0700.mat,19.561950555179052,51.0309012014599,68.88852763383686
